{"name":"54a4e14c-3591-43d6-bd8e-4e0d8a828181","id":"/providers/Microsoft.Flow/flows/54a4e14c-3591-43d6-bd8e-4e0d8a828181","type":"Microsoft.Flow/flows","properties":{"apiId":"/providers/Microsoft.PowerApps/apis/shared_logicflows","displayName":"Global Approval Workflow","definition":{"metadata":{"workflowEntityId":null,"processAdvisorMetadata":null,"flowclientsuspensionreason":"None","flowclientsuspensiontime":null,"flowclientsuspensionreasondetails":null,"creator":{"id":"d235c6e2-7872-4367-8147-c91ec5cdae5b","type":"User","tenantId":"86bf4534-da5e-4ff7-a9a7-c59c5011dd25"},"provisioningMethod":"FromDefinition","failureAlertSubscription":true,"clientLastModifiedTime":"2022-07-29T16:24:39.0535643Z"},"$schema":"https://schema.management.azure.com/providers/Microsoft.Logic/schemas/2016-06-01/workflowdefinition.json#","contentVersion":"1.0.0.0","parameters":{"$connections":{"defaultValue":{},"type":"Object"},"$authentication":{"defaultValue":{},"type":"SecureObject"}},"triggers":{"manual":{"splitOn":"@triggerBody()['rows']","metadata":{"operationMetadataId":"940dc2b9-3d7a-4018-a884-a112baca76c3"},"type":"Request","kind":"ApiConnection","inputs":{"schema":{"type":"object","properties":{"rows":{"type":"array","items":{"type":"object","properties":{"email":{"title":"Approver(s)","type":"string","format":"email","x-ms-dynamically-added":true,"description":"Please enter an e-mail address of the approver","x-ms-content-hint":"EMAIL"},"text":{"title":"Comments","type":"string","x-ms-dynamically-added":true,"description":"Please enter any comments for the approver","x-ms-content-hint":"TEXT"},"entity":{"type":"object","properties":{"ID":{"title":"ID","type":"integer","format":"int64"},"itemUrl":{"title":"itemUrl","type":"string"}},"required":["ID","itemUrl"]}},"required":["email","entity"]}}},"required":["rows"]},"host":{"connection":{"name":"@parameters('$connections')['shared_sharepointonline']['connectionId']"},"api":{"runtimeUrl":"https://uk-001.azure-apim.net/apim/sharepointonline"}},"operationId":"ForASelectedFileHybridTrigger","parameters":{"dataset":"https://marnotechnologycom.sharepoint.com/sites/DemoSite1","table":"b202b4f7-f2af-4085-8157-b708d1671eb0"},"headersSchema":{"x-ms-user-timestamp":{"title":"Timestamp","type":"string","x-ms-dynamically-added":false}}}}},"actions":{"HTTP_Update_to_Pending_Status":{"runAfter":{"Check_out_file":["Succeeded"]},"metadata":{"operationMetadataId":"8091fe88-5bb9-4d98-9e9c-90cd4025028d"},"type":"OpenApiConnection","inputs":{"host":{"apiId":"/providers/Microsoft.PowerApps/apis/shared_sharepointonline","connectionName":"shared_sharepointonline","operationId":"HttpRequest"},"parameters":{"dataset":"@variables('SiteUrl')","parameters/method":"POST","parameters/uri":"_api/web/lists/getbyid('@{variables('ListId')}')/items('@{triggerBody()?['entity']?['ID']}')","parameters/headers":{"Accept":"application/json;odata=verbose","Content-Type":"application/json;odata=verbose","X-HTTP-Method":"MERGE","If-Match":"*"},"parameters/body":"{\n  \"__metadata\": {\n    \"type\": \"@{variables('ListItemEntityTypeFullName')}\"\n  },\n  \"ApprovalStatus\": \"Pending\",\n\"ApprovalComments\": \"The file has been checked out as the @{variables('ApplicationName')} is currently running.\nApproval Start: @{triggerOutputs()['headers']['x-ms-user-timestamp']}\n\"\n}"},"authentication":{"value":"@json(decodeBase64(triggerOutputs().headers['X-MS-APIM-Tokens']))['$ConnectionKey']","type":"Raw"}}},"Initialize_ListId":{"runAfter":{"Initialize_SiteUrl":["Succeeded"]},"metadata":{"operationMetadataId":"1ee06c81-35f6-420d-9843-e54c9e78ce55"},"type":"InitializeVariable","inputs":{"variables":[{"name":"ListId","type":"string"}]}},"HTTP_Get_ListItemEntityTypeFullName":{"runAfter":{"Condition_ItemUrl_contains__layouts":["Succeeded"]},"metadata":{"operationMetadataId":"8dcf323d-745d-4828-9aa9-c05f5650d454"},"type":"OpenApiConnection","inputs":{"host":{"apiId":"/providers/Microsoft.PowerApps/apis/shared_sharepointonline","connectionName":"shared_sharepointonline","operationId":"HttpRequest"},"parameters":{"dataset":"@variables('SiteUrl')","parameters/method":"GET","parameters/uri":"_api/web/lists/GetById('@{variables('ListId')}')?$Select=ListItemEntityTypeFullName"},"authentication":{"value":"@json(decodeBase64(triggerOutputs().headers['X-MS-APIM-Tokens']))['$ConnectionKey']","type":"Raw"}}},"Initialize_ListItemEntityTypeFullName":{"runAfter":{"HTTP_Get_ListItemEntityTypeFullName":["Succeeded"]},"metadata":{"operationMetadataId":"43bb98df-c7fd-4152-91db-8a57e8cd62c0"},"type":"InitializeVariable","inputs":{"variables":[{"name":"ListItemEntityTypeFullName","type":"string","value":"@{body('HTTP_Get_ListItemEntityTypeFullName')['d']['ListItemEntityTypeFullName']}"}]}},"Check_out_file":{"runAfter":{"Initialize_ListItemEntityTypeFullName":["Succeeded"]},"metadata":{"operationMetadataId":"39451deb-b44e-4f75-a595-bb243a0bf77d"},"type":"OpenApiConnection","inputs":{"host":{"apiId":"/providers/Microsoft.PowerApps/apis/shared_sharepointonline","connectionName":"shared_sharepointonline","operationId":"CheckOutFile"},"parameters":{"dataset":"@variables('SiteUrl')","table":"@variables('ListId')","id":"@triggerBody()?['entity']?['ID']"},"authentication":{"value":"@json(decodeBase64(triggerOutputs().headers['X-MS-APIM-Tokens']))['$ConnectionKey']","type":"Raw"}}},"Send_an_email_(V2)":{"runAfter":{"Check_out_file":["Failed"]},"metadata":{"operationMetadataId":"8f4f19e5-9b7e-4ce5-b0da-54ccccb15834"},"type":"OpenApiConnection","inputs":{"host":{"apiId":"/providers/Microsoft.PowerApps/apis/shared_office365","connectionName":"shared_office365","operationId":"SendEmailV2"},"parameters":{"emailMessage/To":"@triggerOutputs()['headers']['x-ms-user-email']","emailMessage/Subject":"@{variables('ApplicationName')} - Error","emailMessage/Body":"<p>The @{variables('ApplicationName')} you started for the following item has failed:<br>\n@{triggerBody()?['entity']?['itemUrl']}<br>\n<br>\nThis is due to the file already being checked out.<br>\n<br>\nPlease complete your changes, check in the file and re-run the workflow<br>\n</p>","emailMessage/Importance":"Normal"},"authentication":{"value":"@json(decodeBase64(triggerOutputs().headers['X-MS-APIM-Tokens']))['$ConnectionKey']","type":"Raw"}}},"Start_and_wait_for_an_approval":{"runAfter":{"Get_file_properties":["Succeeded"]},"metadata":{"operationMetadataId":"cf63615f-da46-46ee-a800-456f1bebdd5f"},"type":"OpenApiConnectionWebhook","inputs":{"host":{"apiId":"/providers/Microsoft.PowerApps/apis/shared_approvals","connectionName":"shared_approvals","operationId":"StartAndWaitForAnApproval"},"parameters":{"approvalType":"BasicAwaitAll","WebhookApprovalCreationInput/title":"Please approve SharePoint Document","WebhookApprovalCreationInput/assignedTo":"@triggerBody()['email']","WebhookApprovalCreationInput/details":"You have been requested to approve the document in the link provided, please see the following comments:\n@{variables('Comments')}","WebhookApprovalCreationInput/itemLink":"@triggerBody()?['entity']?['itemUrl']","WebhookApprovalCreationInput/itemLinkDescription":"Click here to open then document for approval","WebhookApprovalCreationInput/enableNotifications":true,"WebhookApprovalCreationInput/enableReassignment":true},"authentication":{"value":"@json(decodeBase64(triggerOutputs().headers['X-MS-APIM-Tokens']))['$ConnectionKey']","type":"Raw"}}},"Initialize_SiteUrl":{"runAfter":{"Condition_check_comments_provided":["Succeeded"]},"metadata":{"operationMetadataId":"986dbe8a-ba2a-4573-82aa-708be64a4fe2"},"type":"InitializeVariable","inputs":{"variables":[{"name":"SiteUrl","type":"string"}]}},"Initialize_ApplicationName":{"runAfter":{"Initialize_QueryStringParams":["Succeeded"]},"metadata":{"operationMetadataId":"866601ee-19d0-497d-9594-9a16450231c8"},"type":"InitializeVariable","inputs":{"variables":[{"name":"ApplicationName","type":"string","value":"Global Approval Workflow"}]}},"Condition_check_comments_provided":{"actions":{"Set_no_Comments_provided":{"runAfter":{},"metadata":{"operationMetadataId":"80185c51-03aa-4ff9-b5dc-e756c4ead0e3"},"type":"SetVariable","inputs":{"name":"Comments","value":"The author has not left any comments for the Approver(s)"}}},"runAfter":{"Initialize_Comments":["Succeeded"]},"else":{"actions":{"Set_Comments":{"runAfter":{},"metadata":{"operationMetadataId":"0b9b1c98-49cb-4b70-a565-692d63bc44e4"},"type":"SetVariable","inputs":{"name":"Comments","value":"@triggerBody()?['text']"}}}},"expression":{"equals":["@equals(triggerBody()?['text'], null)",true]},"metadata":{"operationMetadataId":"3b538968-b05a-4d01-bdf6-3193607e4fe6"},"type":"If"},"Initialize_Comments":{"runAfter":{"Initialize_ApprovalStatus":["Succeeded"]},"metadata":{"operationMetadataId":"ff8511ba-8609-450f-bf7a-139865716e8f"},"type":"InitializeVariable","inputs":{"variables":[{"name":"Comments","type":"string"}]}},"Update_Comments_field_to_hold_approval_info":{"runAfter":{"Condition_-_Set_Approval_Status":["Succeeded"]},"metadata":{"operationMetadataId":"2acd02f6-a017-4886-a17b-d17fb4524a85"},"type":"SetVariable","inputs":{"name":"Comments","value":"Overall Status: @{variables('ApprovalStatus')}\nApproval Date: @{outputs('Start_and_wait_for_an_approval')?['body/completionDate']}\n"}},"Apply_to_each":{"foreach":"@outputs('Start_and_wait_for_an_approval')?['body/responses']","actions":{"Append_to_string_variable":{"runAfter":{},"metadata":{"operationMetadataId":"40cbfef9-abc2-4545-b62b-d77b63145530"},"type":"AppendToStringVariable","inputs":{"name":"Comments","value":"\nApprover: @{items('Apply_to_each')?['responder/displayName']}\nApprover Response: @{items('Apply_to_each')?['approverResponse']}\nComment: @{items('Apply_to_each')?['comments']}"}}},"runAfter":{"Update_Comments_field_to_hold_approval_info":["Succeeded"]},"metadata":{"operationMetadataId":"88252f7b-c7c8-4316-9043-f965159d7d1a"},"type":"Foreach"},"HTTP_Update_Outcome":{"runAfter":{"Apply_to_each":["Succeeded"]},"metadata":{"operationMetadataId":"8091fe88-5bb9-4d98-9e9c-90cd4025028d"},"type":"OpenApiConnection","inputs":{"host":{"apiId":"/providers/Microsoft.PowerApps/apis/shared_sharepointonline","connectionName":"shared_sharepointonline","operationId":"HttpRequest"},"parameters":{"dataset":"@variables('SiteUrl')","parameters/method":"POST","parameters/uri":"_api/web/lists/getbyid('@{variables('ListId')}')/items('@{triggerBody()?['entity']?['ID']}')","parameters/headers":{"Accept":"application/json;odata=verbose","Content-Type":"application/json;odata=verbose","X-HTTP-Method":"MERGE","If-Match":"*"},"parameters/body":"{\n  \"__metadata\": {\n    \"type\": \"@{variables('ListItemEntityTypeFullName')}\"\n  },\n  \"ApprovalStatus\": \"@{outputs('Start_and_wait_for_an_approval')?['body/outcome']}\",\n\"ApprovalComments\": \"@{variables('Comments')}\"\n}"},"authentication":{"value":"@json(decodeBase64(triggerOutputs().headers['X-MS-APIM-Tokens']))['$ConnectionKey']","type":"Raw"}}},"Check_in_file":{"runAfter":{"HTTP_Update_Outcome":["Succeeded"]},"metadata":{"operationMetadataId":"e1343bb0-db4b-4651-a676-767c2e2114da"},"type":"OpenApiConnection","inputs":{"host":{"apiId":"/providers/Microsoft.PowerApps/apis/shared_sharepointonline","connectionName":"shared_sharepointonline","operationId":"CheckInFile"},"parameters":{"dataset":"@variables('SiteUrl')","table":"@variables('ListId')","id":"@triggerBody()?['entity']?['ID']","parameter/comment":"@{variables('ApplicationName')} - System Check In","parameter/checkinType":1},"authentication":{"value":"@json(decodeBase64(triggerOutputs().headers['X-MS-APIM-Tokens']))['$ConnectionKey']","type":"Raw"}}},"Send_an_email_(V2)_2":{"runAfter":{"Compose_Email_Body":["Succeeded"]},"metadata":{"operationMetadataId":"d9d2ed21-641f-45a2-9813-014f67683c9f"},"type":"OpenApiConnection","inputs":{"host":{"apiId":"/providers/Microsoft.PowerApps/apis/shared_office365","connectionName":"shared_office365","operationId":"SendEmailV2"},"parameters":{"emailMessage/To":"@triggerOutputs()['headers']['x-ms-user-email']","emailMessage/Subject":"@{variables('ApplicationName')} - Approval Complete","emailMessage/Body":"@outputs('Compose_Email_Body')","emailMessage/Importance":"Normal"},"authentication":{"value":"@json(decodeBase64(triggerOutputs().headers['X-MS-APIM-Tokens']))['$ConnectionKey']","type":"Raw"}}},"Initialize_NewLine":{"runAfter":{"Initialize_ApplicationName":["Succeeded"]},"metadata":{"operationMetadataId":"de3c5ef8-0402-451e-8abc-24ce143bed7b"},"type":"InitializeVariable","inputs":{"variables":[{"name":"NewLine","type":"string","value":"\n"}]}},"Initialize_ApprovalStatus":{"runAfter":{"Initialize_NewLine":["Succeeded"]},"metadata":{"operationMetadataId":"475c6c70-bb79-45c8-aac2-3dcece89ec29"},"type":"InitializeVariable","inputs":{"variables":[{"name":"ApprovalStatus","type":"string"}]}},"Condition_-_Set_Approval_Status":{"actions":{"Set_Approval_Status_Approved":{"runAfter":{},"metadata":{"operationMetadataId":"ab45633b-43e4-40ba-ac68-19eed40590fa"},"type":"SetVariable","inputs":{"name":"ApprovalStatus","value":"Approved"}}},"runAfter":{"Condition_-_Check_file_hasn't_been_modified":["Succeeded"]},"else":{"actions":{"Set_Approval_Status_Rejected":{"runAfter":{},"metadata":{"operationMetadataId":"632f42a0-6cdb-42ab-a251-829c2e17de13"},"type":"SetVariable","inputs":{"name":"ApprovalStatus","value":"Rejected"}}}},"expression":{"equals":["@outputs('Start_and_wait_for_an_approval')?['body/outcome']","Approve"]},"metadata":{"operationMetadataId":"1a588019-0f5d-4290-a50d-76d4c3b38143"},"type":"If"},"Compose_Email_Body":{"runAfter":{"Check_in_file":["Succeeded"]},"metadata":{"operationMetadataId":"8d553fe0-1ecf-4ea2-b948-3ba5936678b9"},"type":"Compose","inputs":"The approval workflow has complete for your document:<br>\n<a href=\"@{triggerBody()?['entity']?['itemUrl']}\">@{triggerBody()?['entity']?['fileName']}</a><br>\nThe overall outcome is: @{variables('ApprovalStatus')}<br>\n<br>\nThe approval summary is included below:<br>\n@{replace(variables('Comments'), variables('NewLine'), '<br>')}","description":"Using a compose outside the email body as Power Automate changes the a href inside the Send email step"},"Condition_-_Check_file_hasn't_been_modified":{"actions":{"Send_an_email_(V2)_3":{"runAfter":{},"metadata":{"operationMetadataId":"6da4309f-7e36-4a36-b360-e2ebcf194aa9"},"type":"OpenApiConnection","inputs":{"host":{"apiId":"/providers/Microsoft.PowerApps/apis/shared_office365","connectionName":"shared_office365","operationId":"SendEmailV2"},"parameters":{"emailMessage/To":"@triggerOutputs()['headers']['x-ms-user-email']","emailMessage/Subject":"@{variables('ApplicationName')}: Document changed during approval","emailMessage/Body":"<p>The @{variables('ApplicationName')} you started for the following item has failed:<br>\n@{triggerBody()?['entity']?['itemUrl']}<br>\n<br>\nThis is due to the file being modified during the approval process. Please make your changes before re-running the approval and do not modify the file whilst it is being approved.</p>","emailMessage/Importance":"Normal"},"authentication":{"value":"@json(decodeBase64(triggerOutputs().headers['X-MS-APIM-Tokens']))['$ConnectionKey']","type":"Raw"}}},"Terminate":{"runAfter":{"Send_an_email_(V2)_3":["Succeeded"]},"metadata":{"operationMetadataId":"9b59c3c3-a37f-4280-99cb-44fe6e43ba22"},"type":"Terminate","inputs":{"runStatus":"Succeeded"}}},"runAfter":{"Get_file_properties_after_Approval":["Succeeded"]},"expression":{"not":{"equals":["@body('Get_file_properties_after_Approval')['Modified']","@body('Get_file_properties')['Modified']"]}},"metadata":{"operationMetadataId":"4707273c-f380-4fb7-9401-8e92d51aee65"},"type":"If"},"Get_file_properties_after_Approval":{"runAfter":{"Start_and_wait_for_an_approval":["Succeeded"]},"metadata":{"operationMetadataId":"86ab185b-4ac8-4976-8c95-8978af08766c"},"type":"OpenApiConnection","inputs":{"host":{"apiId":"/providers/Microsoft.PowerApps/apis/shared_sharepointonline","connectionName":"shared_sharepointonline","operationId":"GetFileItem"},"parameters":{"dataset":"@variables('SiteUrl')","table":"@variables('ListId')","id":"@triggerBody()?['entity']?['ID']"},"authentication":{"value":"@json(decodeBase64(triggerOutputs().headers['X-MS-APIM-Tokens']))['$ConnectionKey']","type":"Raw"}}},"Get_file_properties":{"runAfter":{"HTTP_Update_to_Pending_Status":["Succeeded"]},"metadata":{"operationMetadataId":"86ab185b-4ac8-4976-8c95-8978af08766c"},"type":"OpenApiConnection","inputs":{"host":{"apiId":"/providers/Microsoft.PowerApps/apis/shared_sharepointonline","connectionName":"shared_sharepointonline","operationId":"GetFileItem"},"parameters":{"dataset":"@variables('SiteUrl')","table":"@variables('ListId')","id":"@triggerBody()?['entity']?['ID']"},"authentication":{"value":"@json(decodeBase64(triggerOutputs().headers['X-MS-APIM-Tokens']))['$ConnectionKey']","type":"Raw"}}},"Condition_ItemUrl_contains__layouts":{"actions":{"Set_SiteUrl_from_Url":{"runAfter":{},"metadata":{"operationMetadataId":"60107061-7b7f-41af-9fe9-671a6b1882bf"},"type":"SetVariable","inputs":{"name":"SiteUrl","value":"@{split(triggerBody()?['entity']?['itemUrl'], '/_layouts/15/Doc.aspx')[0]}"}},"Apply_to_each_QueryStringParameter":{"foreach":"@variables('QueryStringParams')","actions":{"Param_contains_ListId":{"actions":{"Set_ListId_from_ItemUrl":{"runAfter":{},"metadata":{"operationMetadataId":"b4b32fe3-19a2-43eb-863b-1dd6e1b450fb"},"type":"SetVariable","inputs":{"name":"ListId","value":"@{replace ( replace( toLower(items('Apply_to_each_QueryStringParameter')), 'listid=%7b', ''), '%7d', '')}"}}},"runAfter":{},"expression":{"startsWith":["@toLower(items('Apply_to_each_QueryStringParameter') )","listid="]},"metadata":{"operationMetadataId":"e181d0a4-efe0-4ad4-a72b-3381435e8ab6"},"type":"If"}},"runAfter":{"Set_SiteUrl_from_Url":["Succeeded"]},"metadata":{"operationMetadataId":"54558736-ec6b-4616-a230-5236a6473c00"},"type":"Foreach"}},"runAfter":{"Condition_ItemUrl_contains_forms":["Succeeded"]},"expression":{"equals":["@contains( toLower(triggerBody()?['entity']?['itemUrl']), '/_layouts/15/doc.aspx')","@true"]},"metadata":{"operationMetadataId":"f5cee992-7fec-47e5-bccd-029d26de0804"},"type":"If"},"Initialize_QueryStringParams":{"runAfter":{},"metadata":{"operationMetadataId":"aa18d327-bc51-420c-92e5-aed59486063d"},"type":"InitializeVariable","inputs":{"variables":[{"name":"QueryStringParams","type":"array","value":"@split(split(triggerBody()?['entity']?['itemUrl'], '?')[1], '&')"}]}},"Condition_ItemUrl_contains_forms":{"actions":{"Apply_to_each_QueryString":{"foreach":"@variables('QueryStringParams')","actions":{"Param_contains_id":{"actions":{"Set_ListId":{"runAfter":{"HTTP_Get_Parent_ListId":["Succeeded"]},"metadata":{"operationMetadataId":"485382fb-fc0b-4930-b07d-df1ba62b634f"},"type":"SetVariable","inputs":{"name":"ListId","value":"@{body('HTTP_Get_Parent_ListId')['d']['Id']}"}},"HTTP_Get_Parent_WebId":{"runAfter":{},"metadata":{"operationMetadataId":"4643223e-4cd7-494c-9e4d-8abd96b50d9a"},"type":"OpenApiConnection","inputs":{"host":{"apiId":"/providers/Microsoft.PowerApps/apis/shared_sharepointonline","connectionName":"shared_sharepointonline","operationId":"HttpRequest"},"parameters":{"dataset":"@join( take(split(triggerBody()?['entity']?['itemUrl'], '/'), 5), '/')","parameters/method":"GET","parameters/uri":"_api/web/GetFileByServerRelativeUrl('@{split( items('Apply_to_each_QueryString'), 'id=')[1]}')/ListItemAllFields/ParentList/ParentWeb/Url","parameters/headers":{"Accept":"application/json;odata=verbose","Content-Type":"application/json;odata=verbose"}},"authentication":{"value":"@json(decodeBase64(triggerOutputs().headers['X-MS-APIM-Tokens']))['$ConnectionKey']","type":"Raw"}}},"HTTP_Get_Parent_ListId":{"runAfter":{"Set_SiteUrl":["Succeeded"]},"metadata":{"operationMetadataId":"27687bc7-004f-48a9-9e2b-841d52eaacee"},"type":"OpenApiConnection","inputs":{"host":{"apiId":"/providers/Microsoft.PowerApps/apis/shared_sharepointonline","connectionName":"shared_sharepointonline","operationId":"HttpRequest"},"parameters":{"dataset":"@variables('SiteUrl')","parameters/method":"GET","parameters/uri":"_api/web/GetFileByServerRelativeUrl('@{split( items('Apply_to_each_QueryString'), 'id=')[1]}')/ListItemAllFields/ParentList/Id","parameters/headers":{"Accept":"application/json;odata=verbose","Content-Type":"application/json;odata=verbose"}},"authentication":{"value":"@json(decodeBase64(triggerOutputs().headers['X-MS-APIM-Tokens']))['$ConnectionKey']","type":"Raw"}}},"Set_SiteUrl":{"runAfter":{"HTTP_Get_Parent_WebId":["Succeeded"]},"metadata":{"operationMetadataId":"b533579f-ea93-4ba0-b240-a28dba9de5df"},"type":"SetVariable","inputs":{"name":"SiteUrl","value":"@{body('HTTP_Get_Parent_WebId')['d']['Url']}"}}},"runAfter":{},"expression":{"startsWith":["@toLower(items('Apply_to_each_QueryString'))","id="]},"metadata":{"operationMetadataId":"0fcb3b31-a5e5-4607-bd21-7a7fd2c7b10d"},"type":"If"}},"runAfter":{},"metadata":{"operationMetadataId":"a9a8f8d2-02c8-4df1-876c-9751a8a51269"},"type":"Foreach"}},"runAfter":{"Initialize_ListId":["Succeeded"]},"expression":{"equals":["@contains( toLower(triggerBody()?['entity']?['itemUrl']), '/forms/')","@true"]},"metadata":{"operationMetadataId":"4bf2ba62-74b3-448b-aa81-ba88d0158f5a"},"type":"If"}}},"connectionReferences":{"shared_sharepointonline":{"connectionName":"485fbb31972a4e2e94706e0de297c0ed","source":"Invoker","id":"/providers/Microsoft.PowerApps/apis/shared_sharepointonline","tier":"NotSpecified"},"shared_office365":{"connectionName":"48a7977906e740a29152ad3ed30df96b","source":"Invoker","id":"/providers/Microsoft.PowerApps/apis/shared_office365","tier":"NotSpecified"},"shared_approvals":{"connectionName":"shared-approvals-44d59e23-bd1a-4bc8-a570-6a72ddb4ada2","source":"Invoker","id":"/providers/Microsoft.PowerApps/apis/shared_approvals","tier":"NotSpecified"}},"flowFailureAlertSubscribed":false,"isManaged":false}}